[
  {
    "localRoot": "menu________",
    "strategy": "default",
    "syncInterval": 15,
    "nestedSync": true,
    "failsafe": true,
    "allowNetwork": false,
    "label": "shh-bookmarks",
    "errorCount": 0,
    "clickCountEnabled": false,
    "type": "google-drive",
    "username": "Steve H",
    "password": "",
    "refreshToken": "1//06GTyXZVTPfAFCgYIARAAGAYSNwF-L9Irk_GPdg7cPyLAMeuGUSHGsqeAIGaiOahyA_Pij6qWC_vy0BUYeSBWJWA_jTukMCONnKw",
    "bookmark_file": "shh-bookmarks-menu-merge.xbel",
    "enabled": true,
    "url": "https://",
    "bookmark_file_type": "xbel",
    "syncing": false,
    "scheduled": false,
    "error": null,
    "lastSync": 1741575386605
  }
]